{
  "project_info": {
    "project_number": "342194132231",
    "firebase_url": "https://complaint-22a50.firebaseio.com",
    "project_id": "complaint-22a50",
    "storage_bucket": "complaint-22a50.appspot.com"
  },
  "client": [
    {
      "client_info": {
        "mobilesdk_app_id": "1:342194132231:android:bbe8072a24c43009",
        "android_client_info": {
          "package_name": "com.example.barmagopi.complaint"
        }
      },
      "oauth_client": [
        {
          "client_id": "342194132231-ll82bhtred4qdet0gvgjf4f0keim16j0.apps.googleusercontent.com",
          "client_type": 1,
          "android_info": {
            "package_name": "com.example.barmagopi.complaint",
            "certificate_hash": "6527fca6d88c0fdfa1f45eafa66fa23c51395996"
          }
        },
        {
          "client_id": "342194132231-k2dp50ktqa2ckj594rjeao08vdoiq786.apps.googleusercontent.com",
          "client_type": 3
        }
      ],
      "api_key": [
        {
          "current_key": "AIzaSyAQFBs0JD5ueFzdmdluIKOcZnF31CdRIU8"
        }
      ],
      "services": {
        "analytics_service": {
          "status": 1
        },
        "appinvite_service": {
          "status": 2,
          "other_platform_oauth_client": [
            {
              "client_id": "342194132231-k2dp50ktqa2ckj594rjeao08vdoiq786.apps.googleusercontent.com",
              "client_type": 3
            }
          ]
        },
        "ads_service": {
          "status": 2
        }
      }
    }
  ],
  "configuration_version": "1"
}